?s	?totalEdges
<http://purl.bioontology.org/ontology/ATC/J01FF01>	31
<http://purl.bioontology.org/ontology/ATC/L01EG01>	6
<http://purl.bioontology.org/ontology/ATC/C02KX05>	4
<http://purl.bioontology.org/ontology/ATC/L01CD02>	9
<http://purl.bioontology.org/ontology/ATC/C02KX02>	6
<http://purl.bioontology.org/ontology/ATC/C07AA07>	10
<http://purl.bioontology.org/ontology/ATC/V03AF03>	3
<http://purl.bioontology.org/ontology/ATC/G03FA17>	2
<http://purl.bioontology.org/ontology/ATC/R03AK11>	1
<http://purl.bioontology.org/ontology/ATC/A10AE06>	2
<http://purl.bioontology.org/ontology/ATC/L01EE02>	1
<http://purl.bioontology.org/ontology/ATC/H02AB10>	2
<http://purl.bioontology.org/ontology/ATC/R03AC12>	3
<http://purl.bioontology.org/ontology/ATC/M01AH04>	1
<http://purl.bioontology.org/ontology/ATC/H05BX02>	3
<http://purl.bioontology.org/ontology/ATC/L01EM01>	1
<http://purl.bioontology.org/ontology/ATC/C10AA01>	4
<http://purl.bioontology.org/ontology/ATC/G03AA07>	3
<http://purl.bioontology.org/ontology/ATC/L02BX03>	4
<http://purl.bioontology.org/ontology/ATC/N03AX14>	5
<http://purl.bioontology.org/ontology/ATC/N03AA02>	3
<http://purl.bioontology.org/ontology/ATC/C09BA09>	1
<http://purl.bioontology.org/ontology/ATC/M05BA06>	2
<http://purl.bioontology.org/ontology/ATC/L01AA02>	1
<http://purl.bioontology.org/ontology/ATC/C03DA01>	10
<http://purl.bioontology.org/ontology/ATC/J05AR24>	1
<http://purl.bioontology.org/ontology/ATC/C01BD01>	7
<http://purl.bioontology.org/ontology/ATC/L01EA04>	2
<http://purl.bioontology.org/ontology/ATC/A07EA07>	4
<http://purl.bioontology.org/ontology/ATC/M05BA08>	7
<http://purl.bioontology.org/ontology/ATC/L01EA03>	5
<http://purl.bioontology.org/ontology/ATC/C07AG02>	4
<http://purl.bioontology.org/ontology/ATC/N06DA04>	1
<http://purl.bioontology.org/ontology/ATC/J01CR05>	11
<http://purl.bioontology.org/ontology/ATC/N03AG01>	11
<http://purl.bioontology.org/ontology/ATC/N03AX15>	5
<http://purl.bioontology.org/ontology/ATC/J07AM01>	2
<http://purl.bioontology.org/ontology/ATC/H05BX04>	2
<http://purl.bioontology.org/ontology/ATC/L01EE03>	2
<http://purl.bioontology.org/ontology/ATC/C07CB03>	1
<http://purl.bioontology.org/ontology/ATC/J01CR02>	23
<http://purl.bioontology.org/ontology/ATC/R03AK10>	2
<http://purl.bioontology.org/ontology/ATC/C10AA07>	4
<http://purl.bioontology.org/ontology/ATC/R03AC13>	2
<http://purl.bioontology.org/ontology/ATC/P01BA01>	4
<http://purl.bioontology.org/ontology/ATC/M01AH05>	7
<http://purl.bioontology.org/ontology/ATC/C01DA08>	5
<http://purl.bioontology.org/ontology/ATC/J07BX04>	1
<http://purl.bioontology.org/ontology/ATC/N02BA15>	10
<http://purl.bioontology.org/ontology/ATC/J07AG01>	5
<http://purl.bioontology.org/ontology/ATC/L03AA02>	9
<http://purl.bioontology.org/ontology/ATC/C03XA01>	6
<http://purl.bioontology.org/ontology/ATC/M01AB05>	25
<http://purl.bioontology.org/ontology/ATC/C10AC04>	2
<http://purl.bioontology.org/ontology/ATC/M09AA01>	1
<http://purl.bioontology.org/ontology/ATC/C09DB02>	2
<http://purl.bioontology.org/ontology/ATC/L01CB01>	2
<http://purl.bioontology.org/ontology/ATC/L01EA02>	5
<http://purl.bioontology.org/ontology/ATC/C09BA06>	1
<http://purl.bioontology.org/ontology/ATC/J04AK05>	1
<http://purl.bioontology.org/ontology/ATC/A07AA09>	1
<http://purl.bioontology.org/ontology/ATC/N06DA02>	1
<http://purl.bioontology.org/ontology/ATC/J05AR13>	1
<http://purl.bioontology.org/ontology/ATC/L01EA05>	4
<http://purl.bioontology.org/ontology/ATC/A07EA06>	13
<http://purl.bioontology.org/ontology/ATC/A04AA01>	6
<http://purl.bioontology.org/ontology/ATC/N06AB10>	8
<http://purl.bioontology.org/ontology/ATC/J07BC20>	1
<http://purl.bioontology.org/ontology/ATC/L01EC01>	1
<http://purl.bioontology.org/ontology/ATC/A07EC02>	9
<http://purl.bioontology.org/ontology/ATC/J05AR25>	1
<http://purl.bioontology.org/ontology/ATC/M05BA07>	2
<http://purl.bioontology.org/ontology/ATC/L01AA03>	7
<http://purl.bioontology.org/ontology/ATC/N03AA03>	3
<http://purl.bioontology.org/ontology/ATC/A10AE54>	2
<http://purl.bioontology.org/ontology/ATC/C02AC05>	2
<http://purl.bioontology.org/ontology/ATC/L01XX41>	4
<http://purl.bioontology.org/ontology/ATC/J05AB11>	16
<http://purl.bioontology.org/ontology/ATC/R07AX30>	2
<http://purl.bioontology.org/ontology/ATC/L01XA03>	5
<http://purl.bioontology.org/ontology/ATC/J01MA01>	12
<http://purl.bioontology.org/ontology/ATC/N05AE03>	1
<http://purl.bioontology.org/ontology/ATC/N05CD02>	3
<http://purl.bioontology.org/ontology/ATC/N02AJ13>	2
<http://purl.bioontology.org/ontology/ATC/N06AX12>	1
<http://purl.bioontology.org/ontology/ATC/J01MA06>	7
<http://purl.bioontology.org/ontology/ATC/L01XK03>	3
<http://purl.bioontology.org/ontology/ATC/C07AB12>	4
<http://purl.bioontology.org/ontology/ATC/V01AA11>	5
<http://purl.bioontology.org/ontology/ATC/R03CC02>	2
<http://purl.bioontology.org/ontology/ATC/N05AX13>	3
<http://purl.bioontology.org/ontology/ATC/S01EC01>	5
<http://purl.bioontology.org/ontology/ATC/G04BE10>	1
<http://purl.bioontology.org/ontology/ATC/L01XK04>	3
<http://purl.bioontology.org/ontology/ATC/C08CA01>	4
<http://purl.bioontology.org/ontology/ATC/A10BD08>	4
<http://purl.bioontology.org/ontology/ATC/C09CA01>	16
<http://purl.bioontology.org/ontology/ATC/L01XX23>	2
<http://purl.bioontology.org/ontology/ATC/N05AA02>	2
<http://purl.bioontology.org/ontology/ATC/R03AL05>	1
<http://purl.bioontology.org/ontology/ATC/A10BH03>	4
<http://purl.bioontology.org/ontology/ATC/C09CA06>	5
<http://purl.bioontology.org/ontology/ATC/R03AL02>	4
<http://purl.bioontology.org/ontology/ATC/L04AC07>	13
<http://purl.bioontology.org/ontology/ATC/L01DC01>	13
<http://purl.bioontology.org/ontology/ATC/J01GB01>	11
<http://purl.bioontology.org/ontology/ATC/D01BA02>	17
<http://purl.bioontology.org/ontology/ATC/J01AA02>	30
<http://purl.bioontology.org/ontology/ATC/N06AA04>	5
<http://purl.bioontology.org/ontology/ATC/L01XG01>	1
<http://purl.bioontology.org/ontology/ATC/G04CB02>	5
<http://purl.bioontology.org/ontology/ATC/H03AA02>	2
<http://purl.bioontology.org/ontology/ATC/J01GB06>	1
<http://purl.bioontology.org/ontology/ATC/A10BB03>	2
<http://purl.bioontology.org/ontology/ATC/M01AE17>	4
<http://purl.bioontology.org/ontology/ATC/C09CA08>	3
<http://purl.bioontology.org/ontology/ATC/B05BC01>	8
<http://purl.bioontology.org/ontology/ATC/C09DX01>	2
<http://purl.bioontology.org/ontology/ATC/N06AX22>	1
<http://purl.bioontology.org/ontology/ATC/V03AE10>	2
<http://purl.bioontology.org/ontology/ATC/N05AX12>	4
<http://purl.bioontology.org/ontology/ATC/H01AC01>	9
<http://purl.bioontology.org/ontology/ATC/J01EE03>	17
<http://purl.bioontology.org/ontology/ATC/A10BD07>	2
<http://purl.bioontology.org/ontology/ATC/C07BB02>	1
<http://purl.bioontology.org/ontology/ATC/B01AF01>	17
<http://purl.bioontology.org/ontology/ATC/N05CD03>	1
<http://purl.bioontology.org/ontology/ATC/G03DC02>	3
<http://purl.bioontology.org/ontology/ATC/A12AX>	3
<http://purl.bioontology.org/ontology/ATC/R07AX31>	2
<http://purl.bioontology.org/ontology/ATC/C08CA09>	1
<http://purl.bioontology.org/ontology/ATC/L01XA02>	1
<http://purl.bioontology.org/ontology/ATC/J07BL01>	3
<http://purl.bioontology.org/ontology/ATC/N01BB52>	1
<http://purl.bioontology.org/ontology/ATC/J02AC01>	2
<http://purl.bioontology.org/ontology/ATC/N06AA02>	4
<http://purl.bioontology.org/ontology/ATC/C03BA11>	1
<http://purl.bioontology.org/ontology/ATC/N05BA12>	2
<http://purl.bioontology.org/ontology/ATC/A10BJ06>	16
<http://purl.bioontology.org/ontology/ATC/C03EA01>	8
<http://purl.bioontology.org/ontology/ATC/L02BB06>	4
<http://purl.bioontology.org/ontology/ATC/N02CX02>	1
<http://purl.bioontology.org/ontology/ATC/M01AX01>	2
<http://purl.bioontology.org/ontology/ATC/C09CA07>	6
<http://purl.bioontology.org/ontology/ATC/A10BH02>	5
<http://purl.bioontology.org/ontology/ATC/R03AL03>	1
<http://purl.bioontology.org/ontology/ATC/D07AB09>	11
<http://purl.bioontology.org/ontology/ATC/A10BH05>	5
<http://purl.bioontology.org/ontology/ATC/R03AL04>	1
<http://purl.bioontology.org/ontology/ATC/M01AE02>	21
<http://purl.bioontology.org/ontology/ATC/R06AX25>	3
<http://purl.bioontology.org/ontology/ATC/N06AA16>	1
<http://purl.bioontology.org/ontology/ATC/N03AB02>	5
<http://purl.bioontology.org/ontology/ATC/J01XD01>	26
<http://purl.bioontology.org/ontology/ATC/N05BA01>	10
<http://purl.bioontology.org/ontology/ATC/J05AD01>	5
<http://purl.bioontology.org/ontology/ATC/N06BA09>	4
<http://purl.bioontology.org/ontology/ATC/B03XA01>	29
<http://purl.bioontology.org/ontology/ATC/L01EB04>	3
<http://purl.bioontology.org/ontology/ATC/B03XA08>	2
<http://purl.bioontology.org/ontology/ATC/J01FA09>	18
<http://purl.bioontology.org/ontology/ATC/N05BA08>	2
<http://purl.bioontology.org/ontology/ATC/C09DA04>	2
<http://purl.bioontology.org/ontology/ATC/V03AC01>	15
<http://purl.bioontology.org/ontology/ATC/J07CA09>	6
<http://purl.bioontology.org/ontology/ATC/C09DA03>	2
<http://purl.bioontology.org/ontology/ATC/P01BF01>	1
<http://purl.bioontology.org/ontology/ATC/J07AJ52>	2
<http://purl.bioontology.org/ontology/ATC/C10AB08>	3
<http://purl.bioontology.org/ontology/ATC/V01AA03>	12
<http://purl.bioontology.org/ontology/ATC/V03AE04>	3
<http://purl.bioontology.org/ontology/ATC/M03BX02>	10
<http://purl.bioontology.org/ontology/ATC/L01EL02>	1
<http://purl.bioontology.org/ontology/ATC/L01ED01>	5
<http://purl.bioontology.org/ontology/ATC/A10AD05>	2
<http://purl.bioontology.org/ontology/ATC/C08CA13>	2
<http://purl.bioontology.org/ontology/ATC/V03AE03>	6
<http://purl.bioontology.org/ontology/ATC/C07AB07>	4
<http://purl.bioontology.org/ontology/ATC/C01BA03>	3
<http://purl.bioontology.org/ontology/ATC/N02AJ06>	11
<http://purl.bioontology.org/ontology/ATC/R03DA04>	1
<http://purl.bioontology.org/ontology/ATC/L01EF02>	3
<http://purl.bioontology.org/ontology/ATC/J01MA14>	19
<http://purl.bioontology.org/ontology/ATC/C07AB09>	5
<http://purl.bioontology.org/ontology/ATC/C04AB01>	3
<http://purl.bioontology.org/ontology/ATC/C09XA02>	2
<http://purl.bioontology.org/ontology/ATC/N05AX08>	12
<http://purl.bioontology.org/ontology/ATC/A10AB06>	2
<http://purl.bioontology.org/ontology/ATC/N06AA21>	1
<http://purl.bioontology.org/ontology/ATC/L01EB02>	4
<http://purl.bioontology.org/ontology/ATC/L01CA01>	3
<http://purl.bioontology.org/ontology/ATC/R03AL11>	1
<http://purl.bioontology.org/ontology/ATC/C09DA02>	2
<http://purl.bioontology.org/ontology/ATC/A10AB01>	5
<http://purl.bioontology.org/ontology/ATC/N05BA09>	4
<http://purl.bioontology.org/ontology/ATC/A02BC01>	8
<http://purl.bioontology.org/ontology/ATC/J01FA01>	16
<http://purl.bioontology.org/ontology/ATC/J04AB02>	8
<http://purl.bioontology.org/ontology/ATC/N06AA10>	3
<http://purl.bioontology.org/ontology/ATC/L01EH02>	1
<http://purl.bioontology.org/ontology/ATC/C03BA04>	9
<http://purl.bioontology.org/ontology/ATC/J07CA01>	3
<http://purl.bioontology.org/ontology/ATC/M01AE03>	7
<http://purl.bioontology.org/ontology/ATC/C07AB08>	2
<http://purl.bioontology.org/ontology/ATC/J07AN01>	1
<http://purl.bioontology.org/ontology/ATC/G04BX14>	4
<http://purl.bioontology.org/ontology/ATC/N07BC02>	1
<http://purl.bioontology.org/ontology/ATC/N05CD11>	1
<http://purl.bioontology.org/ontology/ATC/A10BD15>	2
<http://purl.bioontology.org/ontology/ATC/G01AF01>	4
<http://purl.bioontology.org/ontology/ATC/J01MA12>	19
<http://purl.bioontology.org/ontology/ATC/L04AX01>	19
<http://purl.bioontology.org/ontology/ATC/L01AD01>	6
<http://purl.bioontology.org/ontology/ATC/M01AC06>	3
<http://purl.bioontology.org/ontology/ATC/A03FA03>	1
<http://purl.bioontology.org/ontology/ATC/D05BB02>	18
<http://purl.bioontology.org/ontology/ATC/V01AA05>	13
<http://purl.bioontology.org/ontology/ATC/J07AL02>	9
<http://purl.bioontology.org/ontology/ATC/V03AE02>	6
<http://purl.bioontology.org/ontology/ATC/G03AB08>	1
<http://purl.bioontology.org/ontology/ATC/A02BX13>	1
<http://purl.bioontology.org/ontology/ATC/C08CA12>	2
<http://purl.bioontology.org/ontology/ATC/A10BD24>	2
<http://purl.bioontology.org/ontology/ATC/N04BC04>	4
<http://purl.bioontology.org/ontology/ATC/N03AF02>	4
<http://purl.bioontology.org/ontology/ATC/G04BE03>	9
<http://purl.bioontology.org/ontology/ATC/C01BA02>	1
<http://purl.bioontology.org/ontology/ATC/V01AA02>	13
<http://purl.bioontology.org/ontology/ATC/V03AE05>	7
<http://purl.bioontology.org/ontology/ATC/N05BE01>	1
<http://purl.bioontology.org/ontology/ATC/A10AD04>	1
<http://purl.bioontology.org/ontology/ATC/L01DB02>	3
<http://purl.bioontology.org/ontology/ATC/L01BA01>	10
<http://purl.bioontology.org/ontology/ATC/A10BK04>	3
<http://purl.bioontology.org/ontology/ATC/V03AB21>	1
<http://purl.bioontology.org/ontology/ATC/J01XX09>	8
<http://purl.bioontology.org/ontology/ATC/J07BC02>	2
<http://purl.bioontology.org/ontology/ATC/J05AE10>	2
<http://purl.bioontology.org/ontology/ATC/J07BK01>	3
<http://purl.bioontology.org/ontology/ATC/B05XA01>	1
<http://purl.bioontology.org/ontology/ATC/A10BK03>	13
<http://purl.bioontology.org/ontology/ATC/L01BC02>	9
<http://purl.bioontology.org/ontology/ATC/N06AB04>	5
<http://purl.bioontology.org/ontology/ATC/C09AA03>	10
<http://purl.bioontology.org/ontology/ATC/N05AH02>	4
<http://purl.bioontology.org/ontology/ATC/L04AB04>	33
<http://purl.bioontology.org/ontology/ATC/C01CE03>	2
<http://purl.bioontology.org/ontology/ATC/G04CA02>	3
<http://purl.bioontology.org/ontology/ATC/N06AB03>	4
<http://purl.bioontology.org/ontology/ATC/C09AA04>	3
<http://purl.bioontology.org/ontology/ATC/J05AR09>	4
<http://purl.bioontology.org/ontology/ATC/M04AC01>	6
<http://purl.bioontology.org/ontology/ATC/B01AE07>	11
<http://purl.bioontology.org/ontology/ATC/H02AB02>	55
<http://purl.bioontology.org/ontology/ATC/C02CA04>	3
<http://purl.bioontology.org/ontology/ATC/M05BX05>	4
<http://purl.bioontology.org/ontology/ATC/J05AP57>	2
<http://purl.bioontology.org/ontology/ATC/J01CE01>	32
<http://purl.bioontology.org/ontology/ATC/L04AD01>	18
<http://purl.bioontology.org/ontology/ATC/B03AA07>	2
<http://purl.bioontology.org/ontology/ATC/N05AF03>	2
<http://purl.bioontology.org/ontology/ATC/J07AX01>	1
<http://purl.bioontology.org/ontology/ATC/J07BM03>	6
<http://purl.bioontology.org/ontology/ATC/L01EX07>	4
<http://purl.bioontology.org/ontology/ATC/C10BA02>	5
<http://purl.bioontology.org/ontology/ATC/N02BA01>	12
<http://purl.bioontology.org/ontology/ATC/A14AB01>	5
<http://purl.bioontology.org/ontology/ATC/C01CA02>	1
<http://purl.bioontology.org/ontology/ATC/M01AB16>	4
<http://purl.bioontology.org/ontology/ATC/C10BA05>	5
<http://purl.bioontology.org/ontology/ATC/C02AB01>	2
<http://purl.bioontology.org/ontology/ATC/M09AX03>	1
<http://purl.bioontology.org/ontology/ATC/G03BA03>	3
<http://purl.bioontology.org/ontology/ATC/N02BE01>	18
<http://purl.bioontology.org/ontology/ATC/C01CE02>	3
<http://purl.bioontology.org/ontology/ATC/B01AC04>	13
<http://purl.bioontology.org/ontology/ATC/L04AB05>	10
<http://purl.bioontology.org/ontology/ATC/A10BA02>	8
<http://purl.bioontology.org/ontology/ATC/A07AA12>	1
<http://purl.bioontology.org/ontology/ATC/L02BA01>	2
<http://purl.bioontology.org/ontology/ATC/G04CA03>	3
<http://purl.bioontology.org/ontology/ATC/C09AA05>	12
<http://purl.bioontology.org/ontology/ATC/G04CA04>	1
<http://purl.bioontology.org/ontology/ATC/L04AB02>	23
<http://purl.bioontology.org/ontology/ATC/C03CA02>	10
<http://purl.bioontology.org/ontology/ATC/N06AB05>	6
<http://purl.bioontology.org/ontology/ATC/N05AH03>	7
<http://purl.bioontology.org/ontology/ATC/C09AA02>	4
<http://purl.bioontology.org/ontology/ATC/A01AB09>	3
<http://purl.bioontology.org/ontology/ATC/L01XF03>	1
<http://purl.bioontology.org/ontology/ATC/A10BK02>	3
<http://purl.bioontology.org/ontology/ATC/D11AX10>	2
<http://purl.bioontology.org/ontology/ATC/L01DB03>	5
<http://purl.bioontology.org/ontology/ATC/L01EX01>	4
<http://purl.bioontology.org/ontology/ATC/A12BA03>	2
<http://purl.bioontology.org/ontology/ATC/N05AD01>	24
<http://purl.bioontology.org/ontology/ATC/J07BM02>	2
<http://purl.bioontology.org/ontology/ATC/M04AA03>	4
<http://purl.bioontology.org/ontology/ATC/C10BA03>	3
<http://purl.bioontology.org/ontology/ATC/J07AP03>	1
<http://purl.bioontology.org/ontology/ATC/N05AN01>	4
<http://purl.bioontology.org/ontology/ATC/B05BB02>	1
<http://purl.bioontology.org/ontology/ATC/L02BG04>	3
<http://purl.bioontology.org/ontology/ATC/H02AB04>	71
<http://purl.bioontology.org/ontology/ATC/J05AP56>	6
<http://purl.bioontology.org/ontology/ATC/N05AD08>	4
<http://purl.bioontology.org/ontology/ATC/J05AP51>	2
<http://purl.bioontology.org/ontology/ATC/N07XX07>	1
<http://purl.bioontology.org/ontology/ATC/L01XJ01>	1
<http://purl.bioontology.org/ontology/ATC/C09AA15>	4
<http://purl.bioontology.org/ontology/ATC/J05AR18>	3
<http://purl.bioontology.org/ontology/ATC/L01AA01>	13
<http://purl.bioontology.org/ontology/ATC/M03AB01>	3
<http://purl.bioontology.org/ontology/ATC/L01EC03>	4
<http://purl.bioontology.org/ontology/ATC/J01DC02>	10
<http://purl.bioontology.org/ontology/ATC/A10AE56>	2
<http://purl.bioontology.org/ontology/ATC/C03DA05>	4
<http://purl.bioontology.org/ontology/ATC/M05BA02>	5
<http://purl.bioontology.org/ontology/ATC/L01AA06>	8
<http://purl.bioontology.org/ontology/ATC/J05AG05>	2
<http://purl.bioontology.org/ontology/ATC/C09BA03>	2
<http://purl.bioontology.org/ontology/ATC/C01BD05>	2
<http://purl.bioontology.org/ontology/ATC/C07AG01>	6
<http://purl.bioontology.org/ontology/ATC/C09BA04>	1
<http://purl.bioontology.org/ontology/ATC/J01XE01>	2
<http://purl.bioontology.org/ontology/ATC/B01AC22>	2
<http://purl.bioontology.org/ontology/ATC/R03AC18>	1
<http://purl.bioontology.org/ontology/ATC/C10AC01>	5
<http://purl.bioontology.org/ontology/ATC/C02KX01>	5
<http://purl.bioontology.org/ontology/ATC/C01EB17>	6
<http://purl.bioontology.org/ontology/ATC/C02DC01>	5
<http://purl.bioontology.org/ontology/ATC/L01EG02>	14
<http://purl.bioontology.org/ontology/ATC/L01CD01>	7
<http://purl.bioontology.org/ontology/ATC/J04AM02>	1
<http://purl.bioontology.org/ontology/ATC/N02AA01>	11
<http://purl.bioontology.org/ontology/ATC/B05XC>	4
<http://purl.bioontology.org/ontology/ATC/L01EX18>	6
<http://purl.bioontology.org/ontology/ATC/C10AA05>	8
<http://purl.bioontology.org/ontology/ATC/R03AK12>	1
<http://purl.bioontology.org/ontology/ATC/A10AE05>	2
<http://purl.bioontology.org/ontology/ATC/H02AB13>	24
<http://purl.bioontology.org/ontology/ATC/H05BX01>	4
<http://purl.bioontology.org/ontology/ATC/C09BA05>	1
<http://purl.bioontology.org/ontology/ATC/N01AX10>	4
<http://purl.bioontology.org/ontology/ATC/J05AR10>	1
<http://purl.bioontology.org/ontology/ATC/L01XY01>	1
<http://purl.bioontology.org/ontology/ATC/M01AB55>	1
<http://purl.bioontology.org/ontology/ATC/C09DB01>	2
<http://purl.bioontology.org/ontology/ATC/L03AX10>	1
<http://purl.bioontology.org/ontology/ATC/C09BA02>	1
<http://purl.bioontology.org/ontology/ATC/B01AC24>	2
<http://purl.bioontology.org/ontology/ATC/L01EA01>	4
<http://purl.bioontology.org/ontology/ATC/C03DA04>	5
<http://purl.bioontology.org/ontology/ATC/M05BA03>	5
<http://purl.bioontology.org/ontology/ATC/A10AC01>	1
<http://purl.bioontology.org/ontology/ATC/C01DX22>	3
<http://purl.bioontology.org/ontology/ATC/L01EC02>	6
<http://purl.bioontology.org/ontology/ATC/A07EC01>	6
<http://purl.bioontology.org/ontology/ATC/M05BA04>	3
<http://purl.bioontology.org/ontology/ATC/A10AE04>	2
<http://purl.bioontology.org/ontology/ATC/C10AA04>	4
<http://purl.bioontology.org/ontology/ATC/L01EM03>	2
<http://purl.bioontology.org/ontology/ATC/N03AX11>	7
<http://purl.bioontology.org/ontology/ATC/P01BA02>	6
<http://purl.bioontology.org/ontology/ATC/R03AK14>	1
<http://purl.bioontology.org/ontology/ATC/C10AA03>	8
<http://purl.bioontology.org/ontology/ATC/J07AE01>	2
<http://purl.bioontology.org/ontology/ATC/C01CA24>	7
<http://purl.bioontology.org/ontology/ATC/A12AA04>	2
<http://purl.bioontology.org/ontology/ATC/M01AH01>	3
<http://purl.bioontology.org/ontology/ATC/J01XA01>	8
<http://purl.bioontology.org/ontology/ATC/A10BX02>	3
<http://purl.bioontology.org/ontology/ATC/V03AF06>	2
<http://purl.bioontology.org/ontology/ATC/P01BC01>	1
<http://purl.bioontology.org/ontology/ATC/C08DB01>	7
<http://purl.bioontology.org/ontology/ATC/C07AA05>	27
<http://purl.bioontology.org/ontology/ATC/N03AE01>	6
<http://purl.bioontology.org/ontology/ATC/A02BD04>	2
<http://purl.bioontology.org/ontology/ATC/R03AC19>	1
<http://purl.bioontology.org/ontology/ATC/C01DA02>	12
<http://purl.bioontology.org/ontology/ATC/M01AB01>	14
<http://purl.bioontology.org/ontology/ATC/J01AA08>	16
<http://purl.bioontology.org/ontology/ATC/J05AF13>	2
<http://purl.bioontology.org/ontology/ATC/R03AL01>	2
<http://purl.bioontology.org/ontology/ATC/M03AC10>	1
<http://purl.bioontology.org/ontology/ATC/L01XX27>	4
<http://purl.bioontology.org/ontology/ATC/N06AA09>	7
<http://purl.bioontology.org/ontology/ATC/A08AB01>	4
<http://purl.bioontology.org/ontology/ATC/A10BB09>	2
<http://purl.bioontology.org/ontology/ATC/C09CA02>	2
<http://purl.bioontology.org/ontology/ATC/L01BB02>	6
<http://purl.bioontology.org/ontology/ATC/N05AA01>	5
<http://purl.bioontology.org/ontology/ATC/A10BJ03>	1
<http://purl.bioontology.org/ontology/ATC/J07BB02>	1
<http://purl.bioontology.org/ontology/ATC/H03AA01>	3
<http://purl.bioontology.org/ontology/ATC/G04CB01>	4
<http://purl.bioontology.org/ontology/ATC/L02BB03>	2
<http://purl.bioontology.org/ontology/ATC/A02AA04>	4
<http://purl.bioontology.org/ontology/ATC/J02AC03>	4
<http://purl.bioontology.org/ontology/ATC/R03AL08>	1
<http://purl.bioontology.org/ontology/ATC/J02AC04>	17
<http://purl.bioontology.org/ontology/ATC/L02BB04>	5
<http://purl.bioontology.org/ontology/ATC/J01AA01>	2
<http://purl.bioontology.org/ontology/ATC/A10BD05>	3
<http://purl.bioontology.org/ontology/ATC/J01EE01>	10
<http://purl.bioontology.org/ontology/ATC/B01AF03>	10
<http://purl.bioontology.org/ontology/ATC/H01CB02>	8
<http://purl.bioontology.org/ontology/ATC/N05CD01>	1
<http://purl.bioontology.org/ontology/ATC/C02AC01>	3
<http://purl.bioontology.org/ontology/ATC/N05CD06>	1
<http://purl.bioontology.org/ontology/ATC/A10BD02>	2
<http://purl.bioontology.org/ontology/ATC/C07BB07>	2
<http://purl.bioontology.org/ontology/ATC/J01MA02>	39
<http://purl.bioontology.org/ontology/ATC/N06AX16>	8
<http://purl.bioontology.org/ontology/ATC/C09DX03>	4
<http://purl.bioontology.org/ontology/ATC/C08CA02>	3
<http://purl.bioontology.org/ontology/ATC/A10BF01>	2
<http://purl.bioontology.org/ontology/ATC/M04AB01>	1
<http://purl.bioontology.org/ontology/ATC/R07AX02>	3
<http://purl.bioontology.org/ontology/ATC/N02BB02>	8
<http://purl.bioontology.org/ontology/ATC/C09DX04>	4
<http://purl.bioontology.org/ontology/ATC/N05CD08>	14
<http://purl.bioontology.org/ontology/ATC/C08CA05>	7
<http://purl.bioontology.org/ontology/ATC/R03AL09>	3
<http://purl.bioontology.org/ontology/ATC/A10BJ05>	3
<http://purl.bioontology.org/ontology/ATC/J07BD52>	3
<http://purl.bioontology.org/ontology/ATC/L01DC03>	4
<http://purl.bioontology.org/ontology/ATC/J02AC05>	2
<http://purl.bioontology.org/ontology/ATC/J01GB03>	26
<http://purl.bioontology.org/ontology/ATC/L02BB05>	2
<http://purl.bioontology.org/ontology/ATC/A10BJ02>	16
<http://purl.bioontology.org/ontology/ATC/L02BB02>	1
<http://purl.bioontology.org/ontology/ATC/N01BB51>	1
<http://purl.bioontology.org/ontology/ATC/J02AC02>	21
<http://purl.bioontology.org/ontology/ATC/L04AA06>	2
<http://purl.bioontology.org/ontology/ATC/N05BA11>	2
<http://purl.bioontology.org/ontology/ATC/J01FA10>	33
<http://purl.bioontology.org/ontology/ATC/J01AA07>	4
<http://purl.bioontology.org/ontology/ATC/N01BB58>	1
<http://purl.bioontology.org/ontology/ATC/C09CA03>	5
<http://purl.bioontology.org/ontology/ATC/J01EA01>	4
<http://purl.bioontology.org/ontology/ATC/C03AA03>	13
<http://purl.bioontology.org/ontology/ATC/R03AL07>	1
<http://purl.bioontology.org/ontology/ATC/L01BB03>	4
<http://purl.bioontology.org/ontology/ATC/C09BB10>	1
<http://purl.bioontology.org/ontology/ATC/G03HA01>	12
<http://purl.bioontology.org/ontology/ATC/A10BH01>	5
<http://purl.bioontology.org/ontology/ATC/C09CA04>	5
<http://purl.bioontology.org/ontology/ATC/J02AA01>	2
<http://purl.bioontology.org/ontology/ATC/N06AX26>	1
<http://purl.bioontology.org/ontology/ATC/N05CD09>	1
<http://purl.bioontology.org/ontology/ATC/N05AG02>	1
<http://purl.bioontology.org/ontology/ATC/A04AD12>	2
<http://purl.bioontology.org/ontology/ATC/N06AX21>	4
<http://purl.bioontology.org/ontology/ATC/A02BX02>	2
<http://purl.bioontology.org/ontology/ATC/P01AB01>	13
<http://purl.bioontology.org/ontology/ATC/N05AX16>	1
<http://purl.bioontology.org/ontology/ATC/N05CD07>	1
<http://purl.bioontology.org/ontology/ATC/R07AX32>	1
<http://purl.bioontology.org/ontology/ATC/V03AX03>	1
<http://purl.bioontology.org/ontology/ATC/L01XA01>	5
<http://purl.bioontology.org/ontology/ATC/V03AX04>	3
<http://purl.bioontology.org/ontology/ATC/C01AA05>	5
<http://purl.bioontology.org/ontology/ATC/J05AB14>	2
<http://purl.bioontology.org/ontology/ATC/B01AF02>	13
<http://purl.bioontology.org/ontology/ATC/C08GA02>	2
<http://purl.bioontology.org/ontology/ATC/V01AA07>	3
<http://purl.bioontology.org/ontology/ATC/A10AD01>	1
<http://purl.bioontology.org/ontology/ATC/C07AB04>	11
<http://purl.bioontology.org/ontology/ATC/J01DD04>	23
<http://purl.bioontology.org/ontology/ATC/N01BB20>	8
<http://purl.bioontology.org/ontology/ATC/V03AE07>	3
<http://purl.bioontology.org/ontology/ATC/L01EL01>	3
<http://purl.bioontology.org/ontology/ATC/J02AX04>	6
<http://purl.bioontology.org/ontology/ATC/A10AD06>	2
<http://purl.bioontology.org/ontology/ATC/A06AD65>	7
<http://purl.bioontology.org/ontology/ATC/C07AB03>	13
<http://purl.bioontology.org/ontology/ATC/L04AX04>	10
<http://purl.bioontology.org/ontology/ATC/C10AB02>	3
<http://purl.bioontology.org/ontology/ATC/G04BE30>	2
<http://purl.bioontology.org/ontology/ATC/H01BA04>	7
<http://purl.bioontology.org/ontology/ATC/C01BC03>	4
<http://purl.bioontology.org/ontology/ATC/G04BE08>	8
<http://purl.bioontology.org/ontology/ATC/L04AX03>	8
<http://purl.bioontology.org/ontology/ATC/J05AJ03>	1
<http://purl.bioontology.org/ontology/ATC/A06AB02>	1
<http://purl.bioontology.org/ontology/ATC/C01BC04>	9
<http://purl.bioontology.org/ontology/ATC/M01AE52>	3
<http://purl.bioontology.org/ontology/ATC/C10AB05>	3
<http://purl.bioontology.org/ontology/ATC/N04BA02>	3
<http://purl.bioontology.org/ontology/ATC/V03AE09>	3
<http://purl.bioontology.org/ontology/ATC/A02BC03>	4
<http://purl.bioontology.org/ontology/ATC/P01CX01>	2
<http://purl.bioontology.org/ontology/ATC/C03DB02>	4
<http://purl.bioontology.org/ontology/ATC/A10BB12>	2
<http://purl.bioontology.org/ontology/ATC/L01AB01>	9
<http://purl.bioontology.org/ontology/ATC/B03XA02>	4
<http://purl.bioontology.org/ontology/ATC/M01AE01>	21
<http://purl.bioontology.org/ontology/ATC/N05BA05>	3
<http://purl.bioontology.org/ontology/ATC/J01AA13>	1
<http://purl.bioontology.org/ontology/ATC/A02BC04>	4
<http://purl.bioontology.org/ontology/ATC/B03XA05>	2
<http://purl.bioontology.org/ontology/ATC/J07AH08>	2
<http://purl.bioontology.org/ontology/ATC/J05AF01>	4
<http://purl.bioontology.org/ontology/ATC/A10AB04>	1
<http://purl.bioontology.org/ontology/ATC/L01XX35>	4
<http://purl.bioontology.org/ontology/ATC/L01EB07>	1
<http://purl.bioontology.org/ontology/ATC/C09BB04>	3
<http://purl.bioontology.org/ontology/ATC/C09DA07>	1
<http://purl.bioontology.org/ontology/ATC/V03AC02>	2
<http://purl.bioontology.org/ontology/ATC/L04AX02>	1
<http://purl.bioontology.org/ontology/ATC/C10AB04>	6
<http://purl.bioontology.org/ontology/ATC/N04BA03>	2
<http://purl.bioontology.org/ontology/ATC/J05AB01>	13
<http://purl.bioontology.org/ontology/ATC/A10BD11>	5
<http://purl.bioontology.org/ontology/ATC/H01BA02>	19
<http://purl.bioontology.org/ontology/ATC/L04AX05>	1
<http://purl.bioontology.org/ontology/ATC/J01XB01>	4
<http://purl.bioontology.org/ontology/ATC/N01AB08>	4
<http://purl.bioontology.org/ontology/ATC/J05AB06>	5
<http://purl.bioontology.org/ontology/ATC/C08DA01>	8
<http://purl.bioontology.org/ontology/ATC/J02AX05>	3
<http://purl.bioontology.org/ontology/ATC/L01ED03>	3
<http://purl.bioontology.org/ontology/ATC/C07AB02>	18
<http://purl.bioontology.org/ontology/ATC/A11CC04>	8
<http://purl.bioontology.org/ontology/ATC/A12CX>	1
<http://purl.bioontology.org/ontology/ATC/A10BD20>	5
<http://purl.bioontology.org/ontology/ATC/V03AE01>	3
<http://purl.bioontology.org/ontology/ATC/M01AA01>	2
<http://purl.bioontology.org/ontology/ATC/A11CC03>	8
<http://purl.bioontology.org/ontology/ATC/N03AF01>	13
<http://purl.bioontology.org/ontology/ATC/C01BA01>	4
<http://purl.bioontology.org/ontology/ATC/J05AF07>	12
<http://purl.bioontology.org/ontology/ATC/L02AB01>	3
<http://purl.bioontology.org/ontology/ATC/C09DA06>	1
<http://purl.bioontology.org/ontology/ATC/V03AC03>	3
<http://purl.bioontology.org/ontology/ATC/A10AB05>	2
<http://purl.bioontology.org/ontology/ATC/A02BA01>	1
<http://purl.bioontology.org/ontology/ATC/L01EB01>	1
<http://purl.bioontology.org/ontology/ATC/L01CA02>	11
<http://purl.bioontology.org/ontology/ATC/R03AL12>	1
<http://purl.bioontology.org/ontology/ATC/J07AH09>	2
<http://purl.bioontology.org/ontology/ATC/L01EJ02>	4
<http://purl.bioontology.org/ontology/ATC/C09BB02>	2
<http://purl.bioontology.org/ontology/ATC/C09DA01>	1
<http://purl.bioontology.org/ontology/ATC/J07AL52>	4
<http://purl.bioontology.org/ontology/ATC/N05BA04>	3
<http://purl.bioontology.org/ontology/ATC/A02BC05>	12
<http://purl.bioontology.org/ontology/ATC/J01AA12>	4
<http://purl.bioontology.org/ontology/ATC/M05BB03>	2
<http://purl.bioontology.org/ontology/ATC/C09DA08>	2
<http://purl.bioontology.org/ontology/ATC/A02BC02>	6
<http://purl.bioontology.org/ontology/ATC/J07AH07>	1
<http://purl.bioontology.org/ontology/ATC/B03XA03>	4
<http://purl.bioontology.org/ontology/ATC/L01EH01>	2
<http://purl.bioontology.org/ontology/ATC/H02AB06>	54
<http://purl.bioontology.org/ontology/ATC/J05AP54>	3
<http://purl.bioontology.org/ontology/ATC/G04CA52>	3
<http://purl.bioontology.org/ontology/ATC/A12BA30>	1
<http://purl.bioontology.org/ontology/ATC/L04AD02>	5
<http://purl.bioontology.org/ontology/ATC/A02AD01>	9
<http://purl.bioontology.org/ontology/ATC/R03AK07>	1
<http://purl.bioontology.org/ontology/ATC/R03AC03>	1
<http://purl.bioontology.org/ontology/ATC/A10BX16>	16
<http://purl.bioontology.org/ontology/ATC/J06BA02>	18
<http://purl.bioontology.org/ontology/ATC/B03AA03>	1
<http://purl.bioontology.org/ontology/ATC/H02AB01>	55
<http://purl.bioontology.org/ontology/ATC/H02AB08>	68
<http://purl.bioontology.org/ontology/ATC/A12BA01>	1
<http://purl.bioontology.org/ontology/ATC/A02AF02>	5
<http://purl.bioontology.org/ontology/ATC/C10BA06>	3
<http://purl.bioontology.org/ontology/ATC/L01EX04>	2
<http://purl.bioontology.org/ontology/ATC/M04AA01>	8
<http://purl.bioontology.org/ontology/ATC/J07BC01>	2
<http://purl.bioontology.org/ontology/ATC/J01CA04>	36
<http://purl.bioontology.org/ontology/ATC/L01DB06>	4
<http://purl.bioontology.org/ontology/ATC/C09AA09>	2
<http://purl.bioontology.org/ontology/ATC/J07BK02>	4
<http://purl.bioontology.org/ontology/ATC/L03AX03>	7
<http://purl.bioontology.org/ontology/ATC/B01AC08>	9
<http://purl.bioontology.org/ontology/ATC/L01DB01>	17
<http://purl.bioontology.org/ontology/ATC/B01AC30>	5
<http://purl.bioontology.org/ontology/ATC/A07BA01>	4
<http://purl.bioontology.org/ontology/ATC/N02BA51>	11
<http://purl.bioontology.org/ontology/ATC/J05AR03>	3
<http://purl.bioontology.org/ontology/ATC/B01AC06>	9
<http://purl.bioontology.org/ontology/ATC/G04CA01>	1
<http://purl.bioontology.org/ontology/ATC/J07BA02>	1
<http://purl.bioontology.org/ontology/ATC/L01BC06>	4
<http://purl.bioontology.org/ontology/ATC/C09AA07>	7
<http://purl.bioontology.org/ontology/ATC/L01BC01>	11
<http://purl.bioontology.org/ontology/ATC/L01EX05>	6
<http://purl.bioontology.org/ontology/ATC/J07BM01>	6
<http://purl.bioontology.org/ontology/ATC/L03AA14>	5
<http://purl.bioontology.org/ontology/ATC/H02AB09>	8
<http://purl.bioontology.org/ontology/ATC/N05AL01>	5
<http://purl.bioontology.org/ontology/ATC/R03AK08>	2
<http://purl.bioontology.org/ontology/ATC/L01EX02>	3
<http://purl.bioontology.org/ontology/ATC/C09BX01>	2
<http://purl.bioontology.org/ontology/ATC/C01CA07>	6
<http://purl.bioontology.org/ontology/ATC/L03AA13>	3
<http://purl.bioontology.org/ontology/ATC/L01XB01>	2
<http://purl.bioontology.org/ontology/ATC/R03AC02>	7
<http://purl.bioontology.org/ontology/ATC/A08AA62>	7
<http://purl.bioontology.org/ontology/ATC/J07BG01>	1
<http://purl.bioontology.org/ontology/ATC/C02CA06>	3
<http://purl.bioontology.org/ontology/ATC/B03AA02>	1
<http://purl.bioontology.org/ontology/ATC/A10BG03>	8
<http://purl.bioontology.org/ontology/ATC/B03AA05>	2
<http://purl.bioontology.org/ontology/ATC/G04CA53>	2
<http://purl.bioontology.org/ontology/ATC/J05AP55>	7
<http://purl.bioontology.org/ontology/ATC/N02BE51>	15
<http://purl.bioontology.org/ontology/ATC/H02AB07>	51
<http://purl.bioontology.org/ontology/ATC/J01XX05>	1
<http://purl.bioontology.org/ontology/ATC/C03CA01>	13
<http://purl.bioontology.org/ontology/ATC/L04AB01>	13
<http://purl.bioontology.org/ontology/ATC/N06AB06>	8
<http://purl.bioontology.org/ontology/ATC/C09AA01>	11
<http://purl.bioontology.org/ontology/ATC/L04AB06>	15
<http://purl.bioontology.org/ontology/ATC/C10AX09>	5
<http://purl.bioontology.org/ontology/ATC/J04BA02>	3
<http://purl.bioontology.org/ontology/ATC/N06AB08>	2
<http://purl.bioontology.org/ontology/ATC/L04AH01>	3
<http://purl.bioontology.org/ontology/ATC/L01DB07>	9
<http://purl.bioontology.org/ontology/ATC/L01BA04>	3
<http://purl.bioontology.org/ontology/ATC/A10BK01>	7
<http://purl.bioontology.org/ontology/ATC/G03HB01>	3
<http://purl.bioontology.org/ontology/ATC/J07BK03>	6
<http://purl.bioontology.org/ontology/ATC/N03AX22>	3
<http://purl.bioontology.org/ontology/ATC/L01EX12>	1
<http://purl.bioontology.org/ontology/ATC/N02AA05>	4
<http://purl.bioontology.org/ontology/ATC/L01EX13>	2
<http://purl.bioontology.org/ontology/ATC/N03AX24>	3
<http://purl.bioontology.org/ontology/ATC/C02KX04>	4
<http://purl.bioontology.org/ontology/ATC/N03AX23>	2
<http://purl.bioontology.org/ontology/ATC/P01BC02>	2
<http://purl.bioontology.org/ontology/ATC/B01AC27>	4
<http://purl.bioontology.org/ontology/ATC/H02AA02>	3
<http://purl.bioontology.org/ontology/ATC/C02AC02>	3
<http://purl.bioontology.org/ontology/ATC/N05CF01>	1
<http://purl.bioontology.org/ontology/ATC/L04AA32>	4
<http://purl.bioontology.org/ontology/ATC/R03DX07>	2
<http://purl.bioontology.org/ontology/ATC/G03XA01>	7
<http://purl.bioontology.org/ontology/ATC/N05AX15>	1
<http://purl.bioontology.org/ontology/ATC/J04AB04>	7
<http://purl.bioontology.org/ontology/ATC/R06AX22>	5
<http://purl.bioontology.org/ontology/ATC/G03AD02>	1
<http://purl.bioontology.org/ontology/ATC/N06BA07>	2
<http://purl.bioontology.org/ontology/ATC/L01EJ01>	3
<http://purl.bioontology.org/ontology/ATC/N02AB03>	5
<http://purl.bioontology.org/ontology/ATC/L01EF03>	5
<http://purl.bioontology.org/ontology/ATC/L01EX09>	7
<http://purl.bioontology.org/ontology/ATC/L01XH03>	2
<http://purl.bioontology.org/ontology/ATC/N05AH04>	10
<http://purl.bioontology.org/ontology/ATC/N03AX09>	8
<http://purl.bioontology.org/ontology/ATC/N05AD06>	3
<http://purl.bioontology.org/ontology/ATC/G03DB08>	1
<http://purl.bioontology.org/ontology/ATC/N02AA55>	2
<http://purl.bioontology.org/ontology/ATC/J05AG04>	2
<http://purl.bioontology.org/ontology/ATC/L01EK01>	1
<http://purl.bioontology.org/ontology/ATC/J05AG03>	2
<http://purl.bioontology.org/ontology/ATC/N07XX11>	1
<http://purl.bioontology.org/ontology/ATC/G03AC08>	2
<http://purl.bioontology.org/ontology/ATC/A12CB01>	1
<http://purl.bioontology.org/ontology/ATC/L01EX10>	6
<http://purl.bioontology.org/ontology/ATC/N06AX11>	1
<http://purl.bioontology.org/ontology/ATC/J01CF05>	28
<http://purl.bioontology.org/ontology/ATC/A16AX12>	2
<http://purl.bioontology.org/ontology/ATC/N05CF02>	1
<http://purl.bioontology.org/ontology/ATC/L01XG03>	1
<http://purl.bioontology.org/ontology/ATC/A02AC01>	2
<http://purl.bioontology.org/ontology/ATC/L01XK01>	10
<http://purl.bioontology.org/ontology/ATC/J05AJ04>	1
<http://purl.bioontology.org/ontology/ATC/A12CC04>	1
<http://purl.bioontology.org/ontology/ATC/A12CC03>	1
<http://purl.bioontology.org/ontology/ATC/L01CE02>	4
<http://purl.bioontology.org/ontology/ATC/A06AB58>	1
<http://purl.bioontology.org/ontology/ATC/N06AX05>	2
<http://purl.bioontology.org/ontology/ATC/N01AH01>	2
<http://purl.bioontology.org/ontology/ATC/A12CC02>	7
<http://purl.bioontology.org/ontology/ATC/A12CC05>	1
<http://purl.bioontology.org/ontology/ATC/L01ED04>	2
<http://purl.bioontology.org/ontology/ATC/B02BX05>	7
<http://purl.bioontology.org/ontology/ATC/L01XJ02>	1
<http://purl.bioontology.org/ontology/ATC/J05AP08>	3
<http://purl.bioontology.org/ontology/ATC/L01FX05>	4
<http://purl.bioontology.org/ontology/ATC/L01CD04>	1
<http://purl.bioontology.org/ontology/ATC/P01AX06>	1
<http://purl.bioontology.org/ontology/ATC/N04BD02>	2
<http://purl.bioontology.org/ontology/ATC/C08CA06>	3
<http://purl.bioontology.org/ontology/ATC/N05AE05>	1
<http://purl.bioontology.org/ontology/ATC/R03BB07>	1
<http://purl.bioontology.org/ontology/ATC/N02CC04>	2
<http://purl.bioontology.org/ontology/ATC/N02AF02>	2
<http://purl.bioontology.org/ontology/ATC/N07BC51>	2
<http://purl.bioontology.org/ontology/ATC/G02BA03>	1
<http://purl.bioontology.org/ontology/ATC/N06AF04>	1
<http://purl.bioontology.org/ontology/ATC/L02BG03>	1
<http://purl.bioontology.org/ontology/ATC/L01EX08>	4
<http://purl.bioontology.org/ontology/ATC/N07BB04>	1
<http://purl.bioontology.org/ontology/ATC/N02AE01>	4
<http://purl.bioontology.org/ontology/ATC/N07BB05>	4
<http://purl.bioontology.org/ontology/ATC/G03AC06>	1
<http://purl.bioontology.org/ontology/ATC/N04BX01>	1
<http://purl.bioontology.org/ontology/ATC/N06AG02>	1
<http://purl.bioontology.org/ontology/ATC/C08CA04>	5
<http://purl.bioontology.org/ontology/ATC/N06BA04>	5
<http://purl.bioontology.org/ontology/ATC/L01CA04>	2
<http://purl.bioontology.org/ontology/ATC/N02CC06>	2
<http://purl.bioontology.org/ontology/ATC/A06AH03>	1
<http://purl.bioontology.org/ontology/ATC/P01BB51>	1
<http://purl.bioontology.org/ontology/ATC/L02BG06>	3
<http://purl.bioontology.org/ontology/ATC/L02BA03>	2
<http://purl.bioontology.org/ontology/ATC/N02AX02>	1
<http://purl.bioontology.org/ontology/ATC/V03AB15>	1
